16417726483,魏明艳,13240637540,褚美丽,,2018-01-02 18:34:39,0678
19406810338,许婵,18614600780,华贞,,2018-07-15 12:30:30,1503
16417726483,魏明艳,16880018845,华啟倩,,2018-07-18 06:46:32,0333
15752466533,吕柔,17421942914,李雁,,2018-05-31 19:38:55,1143
15752466533,吕柔,19406810338,许婵,,2018-08-09 10:29:27,1953
15413192403,戚丽红,18270900917,金虹霖,,2018-08-19 05:03:34,0469
14817797806,曹红恋,19406810338,许婵,,2018-10-26 13:12:59,0225
18905544587,钱琳,19696967841,何翠柔,,2018-04-19 17:09:37,0941
17421942914,李雁,14808356469,仲采绿,,2018-05-17 06:01:23,1781
17172119412,冯怜云,16281014753,卫丹,,2018-10-06 03:56:32,0232
15413192403,戚丽红,17172119412,冯怜云,,2018-10-08 03:43:36,0784
13079535049,钱溶艳,17721005397,施梅梅,,2018-12-17 16:04:14,1831
18578540380,缪静欣,15878657031,陶欣悦,,2018-10-16 07:06:47,1183
14817797806,曹红恋,13240637540,褚美丽,,2018-07-01 12:10:20,1324
